gene,log2FoldChange,padj
PA3326,-3.44629590365617,8.72424828368838e-96
PA3327,-4.39479352918042,1.33354533865812e-87
PA3330,-4.72226394977961,3.60644463932168e-63
PA3333,-4.43978375653965,3.67455757415725e-62
PA3332,-4.4967250206877,7.19281401031335e-62
PA3329,-4.4611355548612,2.6941063270647e-59
PA3334,-4.40877315337504,1.64629043873465e-53
PA3331,-4.64965781287692,6.01345973200594e-51
PA3328,-4.20827602162889,8.28914338758206e-50
PA3335,-3.84484392069854,3.03134752474182e-49
PA3724,-2.96333112074956,3.47625478756551e-45
PA3336,-4.00817786988768,3.97582482430023e-45
PA2840,2.43982426114455,2.27570241662468e-44
PA2796,-1.83762786119083,2.40168002699559e-36
PA0641,3.21979559521054,1.24041586090949e-35
PA4839,1.83924592696273,1.55153534535032e-35
PA0636,3.23576464465571,4.15886840348874e-34
PA4138,2.80545487719258,4.21486633705212e-34
PA0622,3.24276628874333,1.30668950528695e-32
PA1871,-2.86502011708004,1.30668950528695e-32
PA0617,3.77052938337466,1.27763183860266e-31
PA0572,-3.19062877599457,1.3238490415873e-31
PA0277,3.30151395177415,2.38163936523927e-31
PA2195,-2.16866713415871,3.01261989125493e-31
PA2272,-2.15389249037972,7.13522201632837e-31
PA0639,3.07784143260389,8.14821394432743e-31
PA0618,3.3383242498484,2.17193085398804e-30
PA1249,-3.2609631140248,2.70962758595988e-30
PA3479,-3.12298441225382,8.18415627599563e-30
PA0045,2.09693194558216,1.49870891898557e-29
PA0638,3.12327449440934,1.49870891898557e-29
PA0619,3.03407452469196,2.02569466500338e-29
PA2911,3.00165518413011,7.28356238643599e-29
PA5340,1.52039553156122,2.01714467034301e-28
PA4519,2.26833095399856,1.07611104742696e-27
PA3967,1.86770787759453,1.07956338113272e-27
PA5339,1.8348304420751,1.2433899874464e-27
PA0614,3.16427767143433,2.2173569330059e-27
PA0640,3.36057896872326,2.06684880895557e-26
PA0126,2.15621802503765,2.80826888823692e-26
PA0613,3.15233618966481,2.98382685626586e-26
PA0635,3.00533753997712,4.05547033709747e-26
PA0165,2.28321291602304,4.06165145991815e-26
PA0625,2.76250551996145,5.19264125764991e-26
PA1041,-1.90688634170053,1.02337028846654e-25
PA1900,-4.22121652880237,1.42358272109201e-25
PA0633,3.02558863163478,2.0531302148131e-25
PA0629,2.75331813320835,1.53500415470161e-24
PA0996,2.20647109095774,5.3864338702015e-24
PA0620,2.8568122465418,1.20012462344455e-23
PA0616,2.84091092451058,3.07921964541917e-23
PA0624,2.93434363642412,6.2755247068622e-23
PA5018,-1.50211004036469,1.19319870882103e-22
PA2928,2.00871296031141,1.50074315568083e-22
PA0646,3.29057947580823,2.52820221699891e-22
PA0578,1.2682808354873,4.21775133367961e-22
PA0623,2.87404541310393,4.21775133367961e-22
PA1000,1.97070278595813,4.21775133367961e-22
PA4139,-2.48261123236349,7.00985424345234e-22
PA2300,-2.84877580536666,1.34742459154514e-21
PA2194,-1.88804608496672,4.43873813525504e-21
PA5220,-2.18030432505048,4.4940740185046e-21
PA2304,-2.10401303732931,5.50274623018012e-21
PA3677,2.06917060340542,7.95454749278984e-21
PA0628,3.18991693600332,8.20895903824085e-21
PA0999,2.04326637401301,1.28865737817316e-20
PA0998,2.09408133247612,2.67507292479194e-20
PA3478,-3.05542664562142,2.78797646651681e-20
PA0626,2.481121285844,4.41767092291164e-20
PA2019,2.22047022941157,6.64942845248772e-20
PA3766,2.30145823904004,1.07652069604351e-19
PA1395,2.43885312181548,1.36591955220174e-19
PA4180,-1.32916913271193,2.27606326810519e-19
PA2929,2.67611507707871,6.30012650045184e-19
PA0634,2.68929573789786,8.60352146370948e-19
PA2303,-1.8067970864896,1.9272348975849e-18
PA1001,1.97858313723354,2.60975312102707e-18
PA3661,4.10600137734455,3.218336874352e-18
PA3615,-1.33654264636825,3.25280305102671e-18
PA5445,1.72253314263127,3.42141993963703e-18
PA0630,2.99148007211764,3.57629272144716e-18
PA3836,-1.1951905232996,4.81421020989507e-18
PA0047,2.12289712264905,1.33913211179044e-17
PA2302,-2.03445681697584,1.47034785469106e-17
PA1002,1.933413444355,3.91060810896354e-17
PA4670,1.60337847494708,5.49145843949502e-17
PA0997,2.03175361249932,1.56844545004526e-16
PA1005,-1.32814900451538,2.05151966556276e-16
PA0637,3.0062847996755,2.44569662037586e-16
PA1205,-1.59893703562017,2.74555320033622e-16
PA1130,-2.17657017860939,3.37345650132683e-16
PA3823,1.29810610842913,3.37345650132683e-16
PA3818,1.25591904001444,3.53990425348401e-16
PA0615,2.12856539119766,3.54390045562752e-16
PA3622,-1.93255084133286,4.90701174752032e-16
PA0645,2.60397631276372,8.17394776935139e-16
PA4141,-2.42361491130911,2.29525310828879e-15
PA0852,-1.90406713237237,2.33422056869486e-15
PA1124,-1.57429411138504,2.38838508357615e-15
PA1964,1.19913377503285,3.33181997211779e-15
PA0046,2.11753331681936,3.4345118688591e-15
PA4296,-2.24210810134812,4.39613448274517e-15
PA0631,3.09268517135711,6.37241307986028e-15
PA2301,-1.86271781602782,6.42223828179842e-15
PA1271,1.77547396468598,7.66164646326177e-15
PA5407,2.28819174608422,2.80597476642583e-14
PA3922,-1.21683486724381,3.09952852530108e-14
PA4434,-1.34227571958374,3.56760006565674e-14
PA0122,-2.03620095644519,4.49784755393273e-14
PA0115,-1.702941863433,6.26389991907978e-14
PA1760,-1.13747248439298,6.53387390034956e-14
PA2069,-3.00910606559443,1.24865431711931e-13
PA4015,-1.54983877227902,1.60038067966519e-13
PA2698,-2.33726139228842,1.79348928671414e-13
PA1204,-1.68985277775145,2.1322179319602e-13
PA2544,-1.6946455951508,2.26122662714051e-13
PA5496,-1.65983692851445,5.67721271532401e-13
PA0383,1.75621738243351,6.6255993656997e-13
PA3419,-1.78826947230756,1.16434038858661e-12
PA5206,-1.31221297708766,1.53295641301909e-12
PA1217,-2.32933617727857,1.58950649318891e-12
PA1828,-1.30602986387982,1.72506741022739e-12
PA4140,-1.94272227426501,1.72506741022739e-12
PA4192,1.51023197647393,1.82926580799318e-12
PA4635,2.82667943711354,1.87197344079267e-12
PA4190,-1.82798389052036,2.09375173825187e-12
PA2193,-1.69312292889458,2.57914169708257e-12
PA1376,-1.5385420714423,2.95834145252969e-12
PA0023,-1.37117302946926,3.01860258055804e-12
PA3195,-1.05495203097171,3.17933374654172e-12
PA1202,-1.4718384265105,3.48162028308234e-12
PA3103,-1.1478858922321,3.48162028308234e-12
PA0975,1.82650880825248,3.69742670248181e-12
PA0074,1.17326780829411,4.64460232109297e-12
PA4918,1.45475697839437,5.17841108655658e-12
PA2491,-1.07223651051489,5.23049776502277e-12
PA0612,3.01671613517021,5.75118027401106e-12
PA4872,-1.12007224525419,6.02876622989253e-12
PA2018,2.11543286450981,6.11076107933574e-12
PA0643,2.51016579940176,6.72808359518801e-12
PA0091,1.24667734593229,6.7340278081998e-12
PA2454,1.7538335941616,7.92894778753151e-12
PA1618,-1.49593041575242,9.52966737488522e-12
PA3256,-1.2684188937508,1.20659010254264e-11
PA4748,1.39816147289885,1.27053953704183e-11
PA3471,-1.13995764529791,1.28577253257072e-11
PA4276,1.27764366435651,1.30401178153046e-11
PA3741,1.70180138871652,1.63688375265345e-11
PA1216,-2.59800378770552,1.79655709767693e-11
PA0580,1.19777648215399,2.72066591733743e-11
PA5182,1.36798891608614,2.99664751699586e-11
PA0300,-0.977096843286807,3.15764311718044e-11
PA2788,-1.47503857610543,3.65907512008787e-11
PA0642,3.81754735657282,3.68138123039029e-11
PA2622,-1.56231568537753,4.71970310668803e-11
PA4130,-1.0574527205493,5.06582783157788e-11
PA3019,1.20851315131088,5.17891476692066e-11
PA2371,-1.72529677247302,5.68144772059305e-11
PA3022,-1.15895403600501,5.77852045061209e-11
PA0632,2.8768842229922,5.82391920658819e-11
PA3743,1.21084101648213,6.02379462353414e-11
PA3637,1.00337846938519,6.35438837406385e-11
PA5201,1.18338521106203,8.36890170309597e-11
PA0674,1.37337126787312,8.5959610772631e-11
PA2850,1.57812768211045,8.9551658108689e-11
PA0989,2.18130036269054,1.01257302640688e-10
PA4191,1.17013996005816,1.01257302640688e-10
PA3436,1.90391198452715,1.02164085318642e-10
PA5286,1.78894996266528,1.19241903689234e-10
PA2305,-1.635421079936,1.19835441581815e-10
PA1872,-1.53110869805846,1.26356536882101e-10
PA5447,-1.05755604862514,1.36897306030161e-10
PA3041,-1.32842261090394,1.65651228431718e-10
PA0621,3.26348466503341,1.72589075323873e-10
PA1759,-1.09360237900335,1.72589075323873e-10
PA5118,1.24210052700574,1.74879630933334e-10
PA3476,-1.57893826479699,2.04806081484564e-10
PA0437,1.30245019361915,2.06626590791541e-10
PA3128,-1.7212766314735,2.07081001194366e-10
PA0080,1.37367942356624,2.84845268927128e-10
PA1899,-3.99356754707581,3.07277672379083e-10
PA5336,1.12855621679072,3.09730501919294e-10
PA4858,2.88818734939919,3.95160819159245e-10
PA1475,1.34194754154319,4.49019884502963e-10
PA1250,-1.23326044194712,4.96142781882539e-10
PA0608,1.20650837438532,5.09896350341852e-10
PA3339,1.18010611416981,5.21909752947458e-10
PA3477,-1.38292309121544,5.24353078819811e-10
PA2939,-2.68353457878444,6.14991592803199e-10
PA5362,-0.917063604409566,6.29485546506535e-10
PA4995,1.36976426056537,6.29824655817255e-10
PA1572,-1.19431706160903,6.31941423330603e-10
PA0250,-1.36942172373411,6.40325694769032e-10
PA3901,1.23303911161458,6.52294717963347e-10
PA4029,1.11110377006152,6.5269773090542e-10
PA0627,2.50124076342404,7.85707083856168e-10
PA4602,1.09272452548727,8.15769156889872e-10
PA0082,1.04828355268895,8.60978446467414e-10
PA5114,1.19821661098415,9.36226298078781e-10
PA1927,1.43334244761672,9.64235295791755e-10
PA3660,-1.25871442682259,1.05544021428677e-9
PA2832,-1.32475809166618,1.09695514618203e-9
PA0952,2.49034293398851,1.10374916425289e-9
PA5057,-1.32972079706514,1.12609514000796e-9
PA3887,-1.2009793069155,1.20638658789303e-9
PA0077,1.28164081610481,1.35078196055884e-9
PA4217,-1.61855860603281,1.40316762620307e-9
PA3676,1.03214537038381,1.4361044131305e-9
PA0196,-0.977180568778637,1.55884123990345e-9
PA1810,-1.09590127202587,1.69507477105287e-9
PA3969,-1.44556123694222,1.72646685175684e-9
PA5476,-1.66071485711016,1.74363572432807e-9
PA1215,-1.98832142106536,1.93830026106233e-9
PA2709,-0.967370036949385,1.9696787920884e-9
PA2764,-1.40224115113939,1.9696787920884e-9
PA0563,1.38177545594791,2.04610958552568e-9
PA4825,1.70461474538325,2.04610958552568e-9
PA3101,-1.51596706736851,2.05075693005811e-9
PA4630,1.43702087882088,2.05075693005811e-9
PA4826,2.9699974720132,2.12492679457225e-9
PA4840,1.57633603724375,2.25823686790654e-9
PA1272,1.26311392094697,2.44751610010003e-9
PA0438,1.43711026539572,2.9805769192868e-9
PA5471,1.30842613451759,3.00603759073015e-9
PA4318,1.23158230272404,3.4033282996928e-9
PA0473,-1.1250099542091,3.42957537921814e-9
PA0963,0.898185228404351,4.14799436388393e-9
PA4569,1.3918166283184,4.14799436388393e-9
PA1592,1.75432927896836,4.32509142957226e-9
PA0075,1.25213439891974,4.56236539656629e-9
PA5274,-1.12936288321141,4.71772568338539e-9
PA3687,-1.36043784027638,4.79191445552128e-9
PA4211,-2.985818248513,4.82672472851513e-9
PA0902,-1.21840347380993,5.03722704530238e-9
PA0559,1.3280171919727,5.60289094504701e-9
PA3127,-1.36023818421929,5.70416269842592e-9
PA1791,1.35701864797748,5.87017462291206e-9
PA3049,-1.6618216489399,5.98185647969544e-9
PA2376,1.43921819587898,6.08376054374403e-9
PA3824,1.2974137198734501,6.34880305871406e-9
PA2915,-1.42226184441926,6.42337433619716e-9
PA1505,-0.946793226396238,6.75638027346964e-9
PA0081,1.01168089877451,6.79766786521334e-9
PA0944,0.924017964154274,7.2285597729869e-9
PA4669,1.73833535875368,7.2285597729869e-9
PA3068,-1.29831650622435,7.58770342612678e-9
PA5024,1.18283868417875,7.62619947806438e-9
PA0407,-1.09790786321409,8.03810110935657e-9
PA1174,-1.43866631262686,9.71394481053045e-9
PA3099,-1.59853872876862,9.71394481053045e-9
PA1576,-1.13613657499576,9.9353484309445e-9
PA0090,1.09649039661195,1.05985312581422e-8
PA0283,0.941088411779402,1.12064132407006e-8
PA4142,-1.79918801367389,1.14801440939441e-8
PA0815,-1.0622860281432,1.22371541643996e-8
PA3924,-1.32119137689522,1.34262942165842e-8
PA2027,1.89974592074888,1.35215133966552e-8
PA3744,0.935340792001454,1.35215133966552e-8
PA0862,-0.940692705544703,1.35944178237832e-8
PA3031,-1.48720265004955,1.36641073099062e-8
PA5183,1.60426115956205,1.42506987827605e-8
PA0167,-1.18813710220299,1.51966064456532e-8
PA4719,1.14194867175364,1.54898944704856e-8
PA0976,1.44773980974613,1.59555207165079e-8
PA2025,-0.942605581743996,1.68674995559723e-8
PA1292,-1.09365925187711,1.7494781752033e-8
PA4195,1.51715523816704,1.76360298338462e-8
PA2629,1.09924821501735,1.88800950386374e-8
PA2865,0.947003854765083,1.90746579650673e-8
PA0644,2.07763278174772,1.97068048412195e-8
PA2988,1.21181982854944,2.1558984238853e-8
PA0784,-0.979616677957782,2.27166567245312e-8
PA4433,1.35118029978898,2.41876055160645e-8
PA4452,1.13055962767619,2.53282352772575e-8
PA1051,1.85801508431366,3.33065394574757e-8
PA4193,1.61943455137803,3.57053159073763e-8
PA0382,1.03433471740882,3.66204688772611e-8
PA4154,1.66192015152244,3.66204688772611e-8
PA0085,1.08936809487447,3.67774428187466e-8
PA3239,-1.40142162857096,3.91785539058515e-8
PA0315,-0.923455098943012,4.57648747119535e-8
PA1325,1.27948217865466,4.60894128613683e-8
PA0851,-1.21073433645312,4.90572994188998e-8
PA4632,1.17364880301022,5.70328152485664e-8
PA0867,-1.10476556907983,5.98318656345864e-8
PA3921,-1.0596080184314,5.98318656345864e-8
PA3123,-1.22122540495998,6.13534237056611e-8
PA3621,2.06853704465339,6.52952806101959e-8
PA4588,-0.854250773925292,6.52952806101959e-8
PA1247,-1.83844367932646,6.95947011249822e-8
PA0013,1.59158134339108,7.31830652826689e-8
PA4079,-0.907611712743089,7.31830652826689e-8
PA4175,-1.6907450639155,7.31830652826689e-8
PA4275,1.05818788994928,7.64469268117509e-8
PA4718,1.17584298086686,8.18895503693631e-8
PA2366,-2.1952959352825,8.2645386256413e-8
PA1874,-2.10225217167971,8.4402090400602e-8
PA3700,0.855890389858571,8.54604752474386e-8
PA3029,-1.19692609435451,9.55959485862744e-8
PA1648,-1.54403557869898,1.05597683354416e-7
PA1752,-0.969983264149959,1.05597683354416e-7
PA5307,-0.850923767256525,1.05597683354416e-7
PA4629,1.89394601174605,1.11504253341816e-7
PA4047,0.849143120345574,1.13913222218132e-7
PA0592,0.853162254701845,1.22966869150289e-7
PA5376,-1.06328367143524,1.27144107514112e-7
PA2050,1.34757078895556,1.3322265152459e-7
PA2504,-1.4156741054669,1.35453850385892e-7
PA3039,1.62729880698257,1.46567066024476e-7
PA0282,0.893099202551043,1.48408621271721e-7
PA1293,-1.06249205695526,1.48408621271721e-7
PA1939,-1.24266499109403,1.50718744658864e-7
PA1248,-1.52242579265396,1.52683243777205e-7
PA3654,0.91846707124615,1.52683243777205e-7
PA3607,1.54496554150783,1.53984657772974e-7
PA4587,-1.76749087731237,1.55126520929942e-7
PA2240,0.942053264838039,1.5546724571062e-7
PA3886,-1.25918601209241,1.63700152864975e-7
PA3455,-1.12351123457318,1.67092799749769e-7
PA4456,0.930057745558637,1.72959281156725e-7
PA5194,1.26911034337595,1.75617999906981e-7
PA4194,1.57694615418386,1.77981204617664e-7
PA0459,-1.50524134456895,1.78162124875613e-7
PA5359,-1.24074125846544,1.92541278856803e-7
PA3819,1.2700350045099,1.92915374093065e-7
PA4054,-0.874141509757578,2.05785817090452e-7
PA4113,1.06510544110463,2.10853005808409e-7
PA4640,1.00378323762991,2.13409117856885e-7
PA3064,1.57194090067723,2.24858220310516e-7
PA3979,1.38559077950222,2.33383570231152e-7
PA1978,2.75666210378834,2.55616786286596e-7
PA3007,1.18732596522212,2.56929713893133e-7
PA0168,-1.43393825592662,2.63659610047714e-7
PA4636,1.1882862688851,2.77652955745923e-7
PA3102,-1.03546248677964,3.45259573172634e-7
PA0774,1.11995915229954,3.52733383347088e-7
PA3008,0.89402699716673,3.52733383347088e-7
PA0079,1.16751841894286,3.86709487817444e-7
PA1790,1.16513964315816,4.08052431379655e-7
PA1796,0.965456907019292,4.09572586763401e-7
PA4952,0.962469864587587,4.16186809151703e-7
PA0783,0.972611892902734,4.16877980679055e-7
PA1542,1.82984738475656,4.21662178478939e-7
PA1737,-1.14456499278921,4.26404106915798e-7
PA3742,1.06583887487963,4.30637266177445e-7
PA5285,1.36710347123578,4.30637266177445e-7
PA5296,1.37193203948944,4.48702794475388e-7
PA1332,2.25117914512753,4.72914405879486e-7
PA1132,1.30701035604883,4.89798598286152e-7
PA0176,-1.5087770386308,5.02039635825371e-7
PA5056,-1.33495480209566,5.06592904964794e-7
PA4389,-1.13072995778152,5.53101084581429e-7
PA3391,2.44377709322373,5.6987503165427e-7
PA3636,0.940116516835802,5.6987503165427e-7
PA1890,-1.05787293338846,5.70409750441676e-7
PA3028,-1.18529281394624,5.81245659998211e-7
PA5139,1.12903393674116,5.85999609266771e-7
PA5452,-0.843715315453542,6.05461052146742e-7
PA0446,-1.32379063840165,6.43423225342333e-7
PA2591,-1.32243260719308,6.77109146380508e-7
PA1698,1.73067833990402,6.81659555636928e-7
PA0945,1.00159158406649,6.83705751380493e-7
PA0233,-1.17290575180271,7.01265515027457e-7
PA0968,1.51778267049387,7.13371797145015e-7
PA4145,-1.10731284034293,7.30361447339452e-7
PA2068,-2.09811234180221,7.96094690510036e-7
PA1299,1.19289018305367,7.99893425380134e-7
PA4922,-1.47455377089109,8.16777339319896e-7
PA1377,-1.04814465069624,8.21326215714047e-7
PA0088,0.993158368877583,8.41891055818825e-7
PA0326,2.17992272704482,8.44464743076318e-7
PA1624,-1.21970607278002,8.59388441314601e-7
PA1951,-1.66954483353231,8.59388441314601e-7
PA2575,-1.4259233764039,8.59388441314601e-7
PA2815,-1.24074018951092,9.30986867277761e-7
PA2071,-1.19594131703593,9.37107745140018e-7
PA4700,0.850379070073051,9.46576866263037e-7
PA4292,1.37445319959102,9.58893488435658e-7
PA2259,-0.948469908895076,9.60416546752919e-7
PA1188,-1.14474282787422,9.80213717495377e-7
PA2236,0.804903678019218,1.03531536615916e-6
PA2587,-1.02795481009963,1.07529855260702e-6
PA1655,-1.37063424020591,1.11207800977164e-6
PA2897,-0.925747614875271,1.11207800977164e-6
PA1004,0.952471660656884,1.11833278343005e-6
PA0913,1.20922243219249,1.16133194266545e-6
PA2781,-1.11699281499372,1.21423814012348e-6
PA0947,1.2101077161566,1.23718885323234e-6
PA3746,0.816970777546221,1.24804293944002e-6
PA3018,1.28435758192177,1.26497981716209e-6
PA4733,-0.964025160312724,1.26775357417022e-6
PA1944,-1.08634342104954,1.28987891708433e-6
PA4432,1.11761092602119,1.37741989147035e-6
PA4306,-2.82835246759074,1.41276881427961e-6
PA4768,1.14530038674978,1.53054084051618e-6
PA3810,0.858572332570201,1.60591716797346e-6
PA3623,-1.0734568426756,1.63185877972029e-6
PA4129,-0.984470751094204,1.70948692707096e-6
PA2205,1.84234791703419,1.86904859017085e-6
PA1197,-1.35024282710791,1.92106299430048e-6
PA3723,-1.3995031794795,2.00642763481583e-6
PA5530,-1.27774687180564,2.00642763481583e-6
PA3846,-1.13347809579523,2.01675174152463e-6
PA1476,1.18819311802912,2.06216832909291e-6
PA1235,-1.22778330357029,2.14354762774518e-6
PA0582,1.02506049551711,2.19139767990173e-6
PA5561,1.30625904269846,2.22026430141133e-6
PA0413,-0.855665772368015,2.24267662206718e-6
PA1833,-0.898740848945609,2.24267662206718e-6
PA3096,-0.946419356366092,2.25667638369398e-6
PA1687,1.10111631713927,2.27366677130809e-6
PA4940,1.08622385312527,2.31819384635896e-6
PA0070,1.02907551508491,2.37145409663299e-6
PA1305,0.935599765805682,2.37145409663299e-6
PA4873,1.28438502033074,2.45396218278381e-6
PA1135,-1.63309880018673,2.50949143520036e-6
PA1839,1.02976505032736,2.52013969621788e-6
PA2367,-1.99959615173786,2.52013969621788e-6
PA3970,-1.12650069617428,2.55669798849627e-6
PA1117,1.11038011969243,2.61218816585365e-6
PA2716,-1.48545830281928,2.62751192399239e-6
PA4480,0.841131724236316,2.62751192399239e-6
PA4711,1.05081872149732,2.71378915687397e-6
PA3248,-1.32203776126943,2.78155341081922e-6
PA3449,1.59185567556082,2.78155341081922e-6
PA2876,0.966905803000505,2.8363225156411e-6
PA1382,1.39510999611237,2.96252443348006e-6
PA4378,0.834769554141424,2.97488436513695e-6
PA4030,0.949185329940101,3.08029745981284e-6
PA2993,1.0139598977529,3.41291461339084e-6
PA2699,-1.88513677671659,3.49037775326665e-6
PA4517,1.20972692734219,3.63100834929033e-6
PA1751,-1.01965400305726,3.71998336422815e-6
PA2369,-1.7061937515924,3.75430696313601e-6
PA3828,0.804432611432487,4.01168269502089e-6
PA2990,-0.902413856546909,4.10278091028452e-6
PA2904,1.32575115271217,4.15386850561817e-6
PA3610,1.63551886621793,4.36966031592776e-6
PA2261,-1.28362658935577,4.66601305225927e-6
PA2373,-1.31364253028266,4.79250167023001e-6
PA0656,-1.65922670204452,4.99634780227377e-6
PA4578,-1.17371036268025,5.15349930308277e-6
PA4734,-0.899894398550724,5.19617140496112e-6
PA1654,-0.950877939502678,5.35358598501388e-6
PA3938,0.954942423142106,5.39675013966969e-6
PA4536,-1.17659397464955,5.47833568853969e-6
PA2571,-1.27130735365489,5.595255816613e-6
PA2624,1.27925819052171,6.09016503828618e-6
PA0087,1.00729965870564,6.31453885117637e-6
PA0654,1.15212819807365,6.53901644187554e-6
PA4887,0.906439631014277,6.69262183308917e-6
PA3923,-1.0271091977191,6.80016504813883e-6
PA2798,0.802887706491158,6.81594366103061e-6
PA5271,-0.996940435203878,6.83744840027579e-6
PA0835,-1.0234328230524,7.31470838392684e-6
PA0076,1.30690182907547,7.33151978148415e-6
PA2235,0.807483393354078,7.36005805479526e-6
PA0078,1.22791001371415,7.39837240267461e-6
PA0130,-1.02883121431773,7.4346671230556e-6
PA0018,0.945462013394821,7.69201735318207e-6
PA1982,2.45287238334787,7.73076742996659e-6
PA2829,1.26496748996251,7.7417368672822e-6
PA1786,1.66638888927409,7.78008720560578e-6
PA1357,-1.28364637148888,7.97202136908564e-6
PA3919,-1.42823764040089,8.05454193454205e-6
PA5292,-1.13334477536934,8.05454193454205e-6
PA4201,-1.06375591755342,8.45708841755029e-6
PA5426,1.03776602097371,8.62311844197564e-6
PA2234,0.96689132121004,9.40230039174522e-6
PA3414,1.27922678446869,9.44010067031698e-6
PA0861,-0.858035253085255,9.59757640123252e-6
PA0607,1.54843855290832,9.7938784065934e-6
PA4746,1.27328888111767,9.89710848074223e-6
PA2696,-1.43449431190747,1.03141258138011e-5
PA4277,0.832829468901646,1.03961220351965e-5
PA2363,-1.15865276236704,1.04738287781294e-5
PA1125,-1.78679464666185,1.05687140663647e-5
PA1901,-3.06022805179928,1.08597078873636e-5
PA4829,-1.34097651745881,1.08801339852768e-5
PA5503,0.910382556658001,1.11426725076484e-5
PA0271,-1.56339890606111,1.12433803356078e-5
PA2222,-1.3581401292083,1.15503283294067e-5
PA1590,0.861289427519169,1.15671156746041e-5
PA2693,1.68635408657748,1.19427520537807e-5
PA3484,0.950052684033896,1.19829245987483e-5
PA1275,1.40638205911203,1.20424012626616e-5
PA1214,-1.61121477898709,1.22396474366003e-5
PA1048,-0.811835857526121,1.2331859735748e-5
PA2223,-1.32920115542801,1.26121752731143e-5
PA1431,-1.56344810893644,1.28823616521683e-5
PA4562,0.909319762867322,1.28823616521683e-5
PA3432,1.28674356122002,1.29667616030378e-5
PA1697,1.75481434457968,1.29786211731972e-5
PA2379,-0.829513318361194,1.29882801083442e-5
PA1245,-1.50287953174325,1.3098592540641e-5
PA2260,-1.07532761046033,1.34112176258045e-5
PA2631,0.877664005771987,1.34359739652513e-5
PA0178,-1.19481273206314,1.35768380636435e-5
PA0737,2.10925601945966,1.43544020310752e-5
PA4176,-1.02427255946838,1.43544020310752e-5
PA1818,-0.865906427641569,1.46162355662037e-5
PA1963,-1.12681371870428,1.46598586017763e-5
PA2573,-1.1752326298634,1.46960127141412e-5
PA2233,0.826689481486676,1.50663685377896e-5
PA2022,1.60238093964847,1.55516971010025e-5
PA0071,0.860265710967788,1.56835634022957e-5
PA4308,-0.983686147166797,1.57451000621333e-5
PA0647,1.73769908717453,1.63856740648722e-5
PA1672,-0.888512959901511,1.67140239834461e-5
PA3695,-0.873990569457737,1.71423141789632e-5
PA4631,0.883241604325186,1.73268152286792e-5
PA3255,-0.88398330481582,1.74053873043136e-5
PA0042,1.16851396385729,1.92319821252425e-5
PA1218,-2.08844938503674,1.93671603140047e-5
PA3448,1.35343270818702,1.94896216330586e-5
PA0344,-1.03723511216012,1.9804334563749e-5
PA4582,0.99397599174685,2.02228974562747e-5
PA0834,0.93526674264866,2.03348504353353e-5
PA3848,-0.955992892007853,2.04839069655371e-5
PA2365,-1.75290577107882,2.07476759265105e-5
PA2035,-1.28488144143806,2.30814977761631e-5
PA3697,-0.809145451262642,2.34291353878573e-5
PA0470,0.901511940840105,2.37914170274911e-5
PA1824,1.55536303515326,2.41593591192134e-5
PA2231,1.1987896806907,2.46511886927842e-5
PA3489,1.20589284722033,2.48098631786529e-5
PA0951,-0.824969812923312,2.59396629444119e-5
PA1807,-0.800957079483862,2.59396629444119e-5
PA3608,1.50241588605936,2.59396629444119e-5
PA3612,1.04885892379455,2.59663644985845e-5
PA3194,-0.994767632770825,2.61578041962333e-5
PA3119,0.979607786562383,2.68117207830767e-5
PA5028,-0.911390328203105,2.69303365330045e-5
PA3858,-0.960451034933347,2.94351713907767e-5
PA1333,2.18124347846528,3.03027780259896e-5
PA2806,1.11683137661453,3.03027780259896e-5
PA1163,0.953649264324923,3.05874111132727e-5
PA3475,-0.930255822709274,3.05874111132727e-5
PA3655,0.804889864350361,3.06672990131503e-5
PA3696,-0.866073741950641,3.06672990131503e-5
PA3268,1.30030403591255,3.11558241486655e-5
PA0870,-0.852631811852411,3.12195199032323e-5
PA4179,2.23079756560779,3.14611165214715e-5
PA2481,-1.25347161979648,3.18552941912019e-5
PA0810,-1.23133333243025,3.23129553900278e-5
PA4384,-2.15387485272887,3.24602005684731e-5
PA5434,0.804360296092887,3.26347158596359e-5
PA2906,1.36652994960378,3.28343017362741e-5
PA3802,0.932570801384342,3.28343017362741e-5
PA4897,1.12173370434777,3.30270376379032e-5
PA3445,1.1262035934392,3.30604812779399e-5
PA3427,-1.07556917221727,3.50751313001956e-5
PA2529,-0.804810805424613,3.51401780936016e-5
PA3634,0.901054306823746,3.51401780936016e-5
PA0230,-0.954375994314966,3.51709934431524e-5
PA0485,0.837736989630563,3.52132387977456e-5
PA3295,-0.945023493294081,3.58498633402336e-5
PA3059,1.27196659721725,3.60297685133817e-5
PA3063,1.35025328430282,3.60465887493817e-5
PA2813,-0.925656016480799,3.64070375996659e-5
PA2378,-1.08597102956375,3.66492858652519e-5
PA3745,1.14762096455172,3.66492858652519e-5
PA0232,-1.34176384864053,3.72284464759869e-5
PA2345,-1.33956192568613,3.86995152733161e-5
PA5356,-0.965970503849802,3.88024916786741e-5
PA1157,0.803063109825134,3.89322874687234e-5
PA3535,-1.09471599202935,3.98756776690518e-5
PA0910,1.79126043056693,4.11249139236307e-5
PA0177,-1.44123509265177,4.19775479008564e-5
PA4747,1.09048025722174,4.40966071085119e-5
PA4921,0.894064929062338,4.46905484568838e-5
PA5298,1.03864899727363,4.46905484568838e-5
PA0086,0.921719538453489,4.48350663449594e-5
PA4236,-1.266765027981,4.53762949783793e-5
PA1696,1.7222171401801,4.54864382800018e-5
PA3009,1.19858441148166,4.54902254338663e-5
PA0386,1.03690373515961,4.66911553315212e-5
PA5048,1.0383575879344,4.67956795594558e-5
PA4021,-0.884797491552703,4.7482808054277e-5
PA1228,1.40056177074997,4.76141722630411e-5
PA1880,-1.04924768577717,4.81620207374291e-5
PA0775,1.12708999234261,4.96025234792299e-5
PA2945,0.833637739798986,4.96025234792299e-5
PA2066,-1.96436555819423,5.05139724826878e-5
PA3859,-0.841322417612169,5.17537987605585e-5
PA1246,-1.58823711401202,5.25844449146324e-5
PA2103,-1.19846329015773,5.25844449146324e-5
PA2281,0.915606539042655,5.38537358824681e-5
PA1206,-1.00858102279707,5.39574890027951e-5
PA1975,2.5653369851785,5.5458071794169e-5
PA1716,1.21530820540428,5.54823393853852e-5
PA3061,1.22301368081536,5.62444209912025e-5
PA0833,1.11553242349904,5.64705967245687e-5
PA0831,-0.869244262509199,5.65141954980502e-5
PA1378,-1.25328875269909,5.69074419289532e-5
PA3300,-1.09506309481165,5.70229669596627e-5
PA0985,1.98899502428993,5.78853789345342e-5
PA4183,-1.49436896690799,5.78853789345342e-5
PA1166,-1.26441486949015,5.8052671597013e-5
PA0847,-1.09758853512534,5.95752103424743e-5
PA0147,-1.31598112731544,6.09241279319913e-5
PA4500,-1.22877739812681,6.25461993280199e-5
PA5383,1.34457531184119,6.30770376334508e-5
PA5547,-1.06075552871258,6.40601728962165e-5
PA1703,1.0971256697985,6.58501263767056e-5
PA2791,1.35810258371899,6.67797961646344e-5
PA1562,-0.822853158850788,6.68534500782659e-5
PA2119,-1.54055670445254,6.68534500782659e-5
PA0587,-1.19894235665778,6.69500878441599e-5
PA4596,1.70952407579918,6.72488430065629e-5
PA5202,1.02363776480794,6.77447474995948e-5
PA3342,-1.04483501322596,6.79887313630146e-5
PA3100,-1.28650429646403,7.08102237389561e-5
PA0821,-1.11426808929099,7.14953189431895e-5
PA0352,0.92992685859652,7.28521607438713e-5
PA4209,-1.32335569293712,7.28521607438713e-5
PA5191,-1.11195301963283,7.28521607438713e-5
PA3525,0.804066590284149,7.40127487794267e-5
PA0089,1.0029713101943,7.47389283806271e-5
PA0072,1.35721587826889,7.5275140326111e-5
PA0588,-1.2221026713725,7.73359534079226e-5
PA1425,0.975204914922787,7.82081591599522e-5
PA4753,1.05932283669312,7.82081591599522e-5
PA1591,1.22188841864346,8.06701550922431e-5
PA3282,1.34682634828926,8.23702235540367e-5
PA1116,1.04443350469476,8.35598788807615e-5
PA1715,1.24620054969934,8.37484695108664e-5
PA2630,0.977994353471185,8.47863335319419e-5
PA1660,-1.2530477526478,8.58155264165964e-5
PA4929,-1.11367238175937,8.71861520312415e-5
PA3205,0.821850942103243,9.25588814651676e-5
PA3447,1.46886738736627,9.3580492116564e-5
PA0675,1.56052655634104,9.40113398956242e-5
PA0965,0.822133219663891,9.40113398956242e-5
PA1640,-0.83365932284363,9.40113398956242e-5
PA3726,0.898325324850493,9.57079617576671e-5
PA5317,-1.10713558455468,9.57079617576671e-5
PA1623,-0.905866252403667,9.67157346079957e-5
PA4438,0.895848600041859,1.00956274832306e-4
PA3444,1.00767227216054,1.01263491906806e-4
PA2619,1.34513047291039,1.01672834834181e-4
PA1484,-1.33753283444464,1.02657138991303e-4
PA3284,1.54330503001054,1.04789159632784e-4
PA2051,1.10443022004032,1.06724661040667e-4
PA4473,0.803728897353732,1.07571679769839e-4
PA3098,-1.32704381180498,1.08866982439702e-4
PA4889,-1.12997563827259,1.09649913252406e-4
PA2203,1.298582547767,1.1758700169971e-4
PA3040,-1.17290122733491,1.19602785186998e-4
PA1122,-0.809152679406751,1.196558634819e-4
PA4115,-1.05951711769559,1.19992158862038e-4
PA4305,-1.18130365133441,1.20636235928459e-4
PA2792,1.07295835771412,1.24349568773398e-4
PA2372,-1.75676686157543,1.26994928054905e-4
PA4579,-0.83654126849126,1.28342358964683e-4
PA2871,-0.851652471724025,1.3068685863368e-4
PA2771,-1.45055677727941,1.35418582810658e-4
PA3894,1.3943295972614,1.35419418127899e-4
PA0520,-0.895229213568218,1.36081084762632e-4
PA2262,-0.856075662167986,1.4128834011218e-4
PA5120,1.22511653708592,1.47280532635521e-4
PA0150,0.93874382546438,1.47522971566372e-4
PA1979,2.62024820611227,1.47522971566372e-4
PA1523,-1.22548229726806,1.51122680810482e-4
PA2653,0.966076809990569,1.5264615136946e-4
PA2206,-1.4753126586506,1.5460672588973e-4
PA4335,-0.807043869348632,1.5460672588973e-4
PA3461,-1.33812162882979,1.55799624745344e-4
PA5216,0.925944151471832,1.57106158152749e-4
PA0027,-1.27742095088868,1.5870036170177e-4
PA1941,-0.854021594515258,1.5870036170177e-4
PA0554,0.889795300583846,1.58717098880108e-4
PA0162,0.87586827108625,1.6028798774669e-4
PA5327,1.78695190814648,1.65050066110621e-4
PA1242,1.08185752485897,1.66649500437088e-4
PA4568,1.1844706187501,1.67021088214156e-4
PA1667,-0.982570862006904,1.69615138341949e-4
PA2558,0.950748662070792,1.69615138341949e-4
PA2556,-1.14414065967465,1.71207190001038e-4
PA1287,-0.86616589682739,1.75250319789206e-4
PA4074,-1.66732307296729,1.76776398901536e-4
PA3273,1.57143411491701,1.79505089593986e-4
PA1280,1.04096318225861,1.81189433730529e-4
PA2047,-1.12446906921113,1.87915841158305e-4
PA4868,-0.902934305441299,1.88746208595892e-4
PA1845,1.20016173600347,1.90101087314297e-4
PA4394,0.822969212736243,1.92091733407296e-4
PA4065,-1.00132105027764,1.92152327562634e-4
PA2023,0.943995491062921,1.93676465987613e-4
PA0270,-1.25940172504396,2.00420858653249e-4
PA1296,0.804611257793469,2.00744508590734e-4
PA2299,1.16750148433172,2.00744508590734e-4
PA1168,-1.92775307454573,2.00872988511493e-4
PA5337,0.97084751664278,2.01753571298976e-4
PA3602,-1.19673721496539,2.10590654331688e-4
PA1876,-1.01559987925451,2.14046447086024e-4
PA3460,-1.1781752996294,2.16376515471269e-4
PA3257,-0.893059893452804,2.19481274792545e-4
PA0586,-1.24806537999027,2.2017352433027e-4
PA3042,-1.21783726243782,2.3216892063099e-4
PA2717,-1.23110460103838,2.3274019823492e-4
PA0577,1.07356792933937,2.40968842275025e-4
PA2368,-1.62861249116591,2.45791809551753e-4
PA3609,1.77454512400686,2.45791809551753e-4
PA3272,-1.00711439997035,2.49478064502976e-4
PA2860,0.832829605943206,2.62236833942036e-4
PA0385,1.26427742561206,2.64714294912466e-4
PA1768,0.959691824584244,2.64714294912466e-4
PA3410,1.59929200952037,2.65700081886836e-4
PA2370,-1.65556254743596,2.66823207208435e-4
PA0484,-0.849708582322676,2.68681964740309e-4
PA1394,1.75152892827934,2.69408491000473e-4
PA1817,-1.0871954647979,2.69408491000473e-4
PA2588,-0.847311086911432,2.77692431463699e-4
PA2821,-1.02584868984561,2.82957326747249e-4
PA2756,-0.99108865607941,2.82981065906983e-4
PA0743,-1.02297565926657,2.87232600800435e-4
PA1555,-1.3534421063924,2.8857927080962e-4
PA4888,-1.08932841832178,2.90356832079136e-4
PA4182,-1.25676981665525,2.97171297082861e-4
PA1273,1.27104230148538,3.01248700068267e-4
PA5497,-0.912849735761587,3.04124591858342e-4
PA0579,1.27507509575734,3.06508893795865e-4
PA1281,1.28851927362889,3.11352021927856e-4
PA1686,-0.804122126222067,3.14746251338263e-4
PA1706,1.00487553440981,3.16705579674455e-4
PA4479,0.865388506339464,3.17859019967976e-4
PA5150,-1.02116002861049,3.20568094461259e-4
PA2448,-1.19919720438661,3.24929642990288e-4
PA5329,-1.11778552937486,3.28138068402478e-4
PA5406,1.50958544484447,3.30993663332806e-4
PA0533,-0.872295363758348,3.31829006789726e-4
PA4518,1.3703713710308,3.31829006789726e-4
PA2566,-1.15560305504227,3.42005585584936e-4
PA5157,1.40780134819944,3.42517062124234e-4
PA0907,1.10535733749275,3.5826669187996e-4
PA2121,-1.09265540445895,3.5826669187996e-4
PA2903,1.29526069462851,3.5826669187996e-4
PA4567,0.8092661956936,3.69323659766445e-4
PA4919,0.854825597579845,3.79949491261099e-4
PA5113,0.863713876835624,3.81234080960566e-4
PA4362,-1.03632186566691,3.8784664894379e-4
PA4893,-1.09351179552347,3.8784664894379e-4
PA3844,-0.984528523625226,4.00030318087975e-4
PA1274,1.19701018841754,4.04939005955714e-4
PA2572,-1.07691867456035,4.06822598813039e-4
PA2953,0.8753891143653,4.16389402544129e-4
PA3062,1.44873973147032,4.17434715593875e-4
PA0103,-1.08968063193793,4.27940829063761e-4
PA0925,0.832169841095733,4.40265087383526e-4
PA2263,-0.857961778191369,4.4169657217177e-4
PA4304,-1.19030753835864,4.42001833893062e-4
PA3966,0.90271532108255,4.48327393539054e-4
PA4178,1.35099627651374,4.56307640494293e-4
PA3633,0.991998166671495,4.82243491093481e-4
PA4291,0.965714117965885,4.82243491093481e-4
PA2497,-1.16718704461398,4.89878610467323e-4
PA1894,-1.0593916889224,4.94864215328169e-4
PA1178,0.911309745926021,4.9932201180522e-4
PA3573,0.804037456507803,4.9932201180522e-4
PA0265,0.837033234481437,5.02599224608292e-4
PA3240,-1.14735015951581,5.09990295014675e-4
PA5058,-0.98806181681408,5.17283283118838e-4
PA1564,0.895859665148558,5.2240621905685e-4
PA2030,-0.9972182509194,5.2453486474126e-4
PA5290,0.807165624925609,5.29060163389005e-4
PA1438,-1.01523839907927,5.43443939644684e-4
PA5531,1.24576629944291,5.43443939644684e-4
PA1869,-1.0602344070236,5.48879392523908e-4
PA1662,-0.998580391496025,5.52467693327999e-4
PA5173,-0.955917914000609,5.62627895864698e-4
PA2072,-1.04619609635913,5.80558282355849e-4
PA0731,-1.23107889969461,5.82643614364599e-4
PA1690,1.49670941237478,5.82643614364599e-4
PA0874,1.75101558832612,5.95210772844175e-4
PA2241,1.05992815585171,5.98214077244226e-4
PA0397,-0.910819696457322,6.10183206820608e-4
PA0475,-1.12112291962649,6.17873450441909e-4
PA3054,-0.816044043115789,6.50799050897249e-4
PA1829,-0.866458829526315,6.51834549086564e-4
PA4022,1.36372384775808,6.51834549086564e-4
PA0931,0.863586255924402,6.59789675044093e-4
PA1359,0.942793071972687,6.59789675044093e-4
PA4279,1.03723670938722,6.59789675044093e-4
PA4347,-0.932377646347865,6.67705421306038e-4
PA1401,-1.41135581940523,6.71876307717728e-4
PA2352,0.965304337956974,6.89854422625473e-4
PA3985,-1.02901796944204,7.49520609953377e-4
PA2914,1.20553705993127,7.5117033102213e-4
PA1905,-4.07403917067116,7.53241916394488e-4
PA0249,-0.803981008256805,7.64732349502901e-4
PA3260,0.805382209875268,7.64732349502901e-4
PA2202,1.05003826249324,7.65246516021559e-4
PA3903,0.926656088179869,7.65246516021559e-4
PA1598,-1.32776047131392,7.65319195531995e-4
PA0583,0.886857240669913,7.69052951264034e-4
PA0962,-1.32275421106375,7.78553553283387e-4
PA3222,-1.04938927985103,7.88950774973188e-4
PA3603,1.0915002018474,7.9218497891688e-4
PA1808,-0.942072584115776,7.95996276467572e-4
PA1659,-1.54797270990342,7.99216276768734e-4
PA2430,-1.0597961344437,8.18357422040678e-4
PA4496,-0.927659970209535,8.29702614145457e-4
PA5470,1.33169699636548,8.59512763435385e-4
PA4349,-0.890614438834462,8.60309842469375e-4
PA2530,-0.91335428175763,8.61689801728975e-4
PA1851,-1.04649191227843,8.66604309846722e-4
PA3431,1.06020238016509,8.81790886225691e-4
PA0558,-0.916684401876573,8.8513786198149e-4
PA1326,1.15227173341292,8.87164280740099e-4
PA3060,1.59413287726902,8.88086760175214e-4
PA0458,-0.832937262665132,8.97199674940631e-4
PA4428,0.982301776109999,8.97199674940631e-4
PA2015,-1.46355262264859,9.15213751525881e-4
PA0648,1.62236608565795,9.32857164482543e-4
PA4455,0.942480486207887,9.40273184518975e-4
PA4783,0.805146885702377,9.64549307447895e-4
PA0916,0.982876714247285,9.71593115918844e-4
PA1277,1.23087254461123,9.71764401252446e-4
PA3043,-0.827992696601289,9.93860495181502e-4
PA1984,2.14768650787194,0.00103830563180238
PA5546,-0.934993943534091,0.00105453297536973
PA3426,-0.965802170534146,0.0010562065172791
PA0839,1.17034247811355,0.00106906042729577
PA4075,-0.857356904823054,0.00107536221866194
PA1370,-0.947122707297464,0.00109068273772373
PA0266,0.817912507614975,0.00109566037241036
PA0180,-0.859675717518444,0.00111090576964869
PA1675,1.02112053143601,0.00111359320854487
PA1896,-0.822908715490759,0.00113362398457865
PA1164,0.880623415836467,0.00113615329854418
PA3423,-0.821713236879392,0.00114305107380118
PA0744,-0.958038786774309,0.00114704201193831
PA2586,0.806664802921404,0.00114994824951546
PA1150,1.33832734300908,0.00116249955965225
PA4317,0.935770740345629,0.00116747484940321
PA1252,-0.958453549750111,0.00117313084519712
PA1820,-0.809779678213528,0.00117442375219705
PA0063,-0.860054483970598,0.00117885422400311
PA2749,1.96307360937659,0.00118374134988574
PA3611,1.09051363313124,0.00118676583097942
PA3688,-1.11964558428823,0.00120162801418759
PA4526,-0.958038016107725,0.0012337171603124101
PA2590,0.995522240219539,0.00125229350329285
PA1515,-1.09287267693809,0.00125749895137044
PA0846,-0.878817776999628,0.00125753279287929
PA2070,1.21407207827935,0.00125771509695093
PA2250,-1.01689537539571,0.00125771509695093
PA0506,1.21117480887698,0.00131062136091439
PA1966,1.24740292623211,0.00131453288798323
PA1343,0.920909097931335,0.00132696201151473
PA2104,-0.853759449700862,0.00132727420745681
PA1734,-1.20113180206964,0.00135698452229602
PA2913,1.08459964137705,0.00135732852869319
PA5408,-1.12251058675615,0.00135732852869319
PA5251,0.809678629735988,0.00136247417717234
PA1695,1.38425250935399,0.0013626288777233
PA2353,-0.897264404172855,0.0013711335251635
PA0284,0.937306677924316,0.00140501781343765
PA3882,-0.93431142053057,0.00141014918751659
PA4984,-0.821810558476916,0.00144170637990925
PA1875,-1.07861655847352,0.00144417210502194
PA3095,-1.24526892681995,0.00144568330112682
PA1977,2.28359635268263,0.00147234867391058
PA1337,-0.812753972676778,0.00147950580803992
PA5318,-1.03408370578756,0.00148312044121644
PA4294,-1.7731640759552,0.00151665865570018
PA2229,-0.855244028581561,0.00153641069114756
PA4041,-1.02524807258677,0.00157146666823359
PA4817,1.3671304056436,0.00160345776487633
PA0195.1,-0.907822123408463,0.0016088383031111
PA0479,-1.01173035454529,0.00161385953905441
PA0768,1.11510260981874,0.00163741823417167
PA0343,-0.848084157258868,0.00164274841331891
PA3718,1.23245233632102,0.00168693431109819
PA0339,-1.02800203902849,0.00175181184719054
PA4045,0.8930531871386,0.00175259926063202
PA0541,0.896978722981356,0.00176272675641029
PA1755,0.87510002958316,0.00176273211074509
PA1638,0.890524058120264,0.00177653288242426
PA4915,-0.959811566416756,0.00179565106288459
PA2710,-0.967307685512457,0.00181207073717846
PA4303,-1.28221166350393,0.00188068688232025
PA0529,0.909424856559279,0.00191905923924343
PA2067,-1.50885783054175,0.00198649484353839
PA0340,0.848646154628632,0.00198754862455263
PA1469,-0.833213107380387,0.00199816111274165
PA1531,-1.67693065625558,0.00200274388797794
PA4712,1.02569090864664,0.00200638580837927
PA5526,0.932370445295281,0.00201264902047893
PA1676,0.823270664779293,0.00206803781507029
PA4143,-1.20048251279293,0.00207100186185469
PA0869,0.881772619487179,0.00208296609871103
PA1220,-1.62229425011606,0.00211685366736762
PA0988,-0.85672837434883,0.00215263646033192
PA2773,0.956329442512119,0.00222326083405227
PA3860,-0.912814391463586,0.00222326083405227
PA4302,-1.37528327783928,0.00222677681292331
PA0269,-1.13247602677684,0.00223461387853213
PA2045,0.916880986838356,0.00234511157436693
PA3739,-0.923442682299712,0.00237254552891312
PA1729,-0.824699272386339,0.00237990329417843
PA1666,-1.1101121891355,0.00242250088244916
PA1658,-1.07897024552337,0.00247603165533592
PA1556,-1.18272131306353,0.0026064921041792
PA0073,1.22418167723238,0.00266493028533047
PA3854,0.988588413447998,0.00267953574498815
PA4280,1.13290110689009,0.00268071492422979
PA2438,-1.19947238709579,0.0026992960577393
PA4297,-0.977733191620441,0.0026992960577393
PA0762,0.911450160420973,0.00271058107751652
PA2905,1.31558145825398,0.00271820832481287
PA4361,-0.804460582122077,0.00274248595529493
PA0175,-1.1041192352929,0.00277524586897807
PA1203,-0.991106594808895,0.00283755502509871
PA4913,-0.866859878540691,0.00283872135168665
PA1383,-0.822529324061656,0.0028620745478351
PA1701,1.27541892533503,0.00320496053443256
PA0676,0.968184565784542,0.00320968409070869
PA1930,-0.99398856257735,0.00327338779608307
PA1276,1.17541925850679,0.0032946127038713602
PA1573,-0.920643232806839,0.00333969325132828
PA4026,-1.05527484951599,0.00353051313098575
PA5297,1.01644648349151,0.00361836425523994
PA3283,1.12515319147652,0.00366939434615212
PA2243,1.1721746397823,0.00369452656605032
PA2248,-1.1874013992734,0.00371774054710724
PA2308,0.853707881098077,0.00382659955315936
PA3678,0.855232183571532,0.0038458275103139
PA3570,1.00744559146255,0.00386143659897243
PA5124,0.811123359073415,0.00386143659897243
PA3965,1.10615318311335,0.00386577946378161
PA1980,2.03047899313116,0.00389782903583168
PA4168,0.938822639059193,0.00400997487309641
PA1471,0.959203128994501,0.00404757034735187
PA1571,-1.21063075246459,0.0040623327851696
PA0868,-0.8544033906585,0.0041704411150662
PA1145,-0.835387213744586,0.00425244277434553
PA2564,-1.01469595843199,0.00428596922372012
PA2309,0.845327261799173,0.00433881928001761
PA4654,1.00295330466055,0.00433881928001761
PA0827,-0.966288282443502,0.00434992385756774
PA1570,-0.824495334137131,0.00440709328599468
PA1983,2.48640440914011,0.00442317708211512
PA1665,-0.981666705267168,0.00444291930024058
PA0231,-1.00265305451106,0.00445579213846416
PA1278,1.03308806846163,0.00445579213846416
PA4574,0.919231125180896,0.00445579213846416
PA4976,-0.836603706139002,0.00449102658642689
PA0310,0.997341230829185,0.00451702378104527
PA1279,0.991806244529937,0.00452394247617784
PA1372,-0.936313183711055,0.00452696637705175
PA2455,1.02321537727591,0.00456696128820677
PA4355,0.949197315077806,0.00461007047975406
PA3446,0.856879880300209,0.00469272726222125
PA3899,0.949490180376658,0.00477571341046928
PA1877,-1.27772342372163,0.00478258750264961
PA1241,0.801681182468784,0.00480926679564997
PA0038,-1.00243414688042,0.00484588017045222
PA0518,-1.16865586285008,0.00484588017045222
PA1699,1.5841365072921,0.00500656301319793
PA5409,-0.888176475175525,0.00508194742146315
PA5059,-1.24584878579558,0.00513186528905506
PA2535,-1.04137065159796,0.0051571685372461
PA0034,0.933725081415828,0.00524146242401017
PA1657,-0.987883435565718,0.00527701561392184
PA2685,0.868552020196209,0.00530671520606809
PA1694,1.14577158130695,0.00535306801869328
PA1501,-1.74412466008478,0.00538696023394013
PA2120,-1.61221558103953,0.00538696023394013
PA3897,0.857417726458722,0.00538696023394013
PA0820,-0.801937357631154,0.0054748735151671
PA0872,-1.07743933833529,0.005503537498985
PA1935,-1.02626221629235,0.0055262775066889
PA0483,-1.02916437794769,0.00568127610358907
PA4453,1.3236615501985,0.00571807082213612
PA2409,1.09996044671831,0.00572552220619601
PA2453,1.0643577635994,0.00575563190451503
PA0911,1.3232024750498,0.00576990634913253
PA0714,1.54605553836144,0.00580067467626698
PA2014,-1.19713014216487,0.00592401273206598
PA2374,-1.19997034594881,0.00593452366705583
PA0118,-1.14413433210501,0.00595682823296581
PA0924,0.901271538750072,0.00598106504216672
PA1889,0.954074805747563,0.00598121806235963
PA5494,0.808490038133158,0.0059904425318979
PA3959,1.13056464459334,0.00599724668544969
PA4859,1.73365996522841,0.00605708604804777
PA1212,-1.61124821812894,0.0061049925804951
PA2249,-1.0353545513976,0.00612063929094864
PA2177,-0.901161051991417,0.00623531759901945
PA5212,1.11121227019173,0.00629031378996739
PA1867,1.42448231589223,0.0064057824601711
PA0106,-1.05416631236488,0.0065046823665936
PA1892,-0.813777427536206,0.00655578558587744
PA2918,-1.11609608874456,0.00664606045649516
PA4878,1.23582371949589,0.00664757844529828
PA2226,-1.19566609340109,0.00678666161888041
PA2102,-1.33243247282159,0.00680803463983571
PA2013,-1.46038503557245,0.00701046899061732
PA2844,-0.807687152557895,0.00708748525211799
PA0937,0.885895820352163,0.0071448229009255
PA3238,-0.901198098786876,0.00728439972239671
PA0866,0.960806017999301,0.00730113315684967
PA1844,1.04284128323024,0.00732184531996071
PA5304,0.837390002367672,0.00771624943813908
PA4914,-0.913415560132051,0.00780586886532071
PA3416,-1.30261904262019,0.00783710971078262
PA4555,-0.891559705643112,0.00783710971078262
PA1723,0.894383191535288,0.00784661912736793
PA4067,-0.984865611504331,0.007867041815017
PA4710,0.970113578706192,0.00792465703983899
PA3089,-1.07139848013642,0.00804049665473848
PA0398,-0.803363398433844,0.00807560773595715
PA4502,-0.82021014582174,0.00831349279372796
PA2361,-0.853186066871705,0.00836329743158381
PA3458,-1.1812715208127,0.00843936767686425
PA2502,0.806569507319137,0.00857175828355879
PA4535,-0.838426311802164,0.00869306176867072
PA4293,-0.882224300198393,0.00869316715840135
PA1478,0.991835538388768,0.00878628301566886
PA0062,1.07728095241603,0.00878796973984649
PA1663,-0.85901166066152,0.00883532239996391
PA4648,-1.47738093679794,0.00890188441295946
PA5183.1,1.10840995419204,0.00891287564768263
PA4885,0.946673656411425,0.00899175164461209
PA0523,1.40905089307181,0.009265142573041
PA3931,0.850111681255569,0.00943191202826948
PA2190,-1.29874829638396,0.00951390793735805
PA2227,-0.801573794822932,0.00951390793735805
PA3058,1.21201301707207,0.00979852305977037
PA0745,-0.861892749735133,0.0099584300489958
PA1033,-0.810061832122394,0.0100628218544794
PA0151,0.829207086625861,0.0101299006416767
PA3885,1.11798392600719,0.0101846444666946
PA5205,-0.922273100116381,0.0104027787851579
PA3311,-0.915136843586316,0.0104427262738606
PA4212,-2.69572295954381,0.010480913981762
PA4102,-0.827443176642081,0.0104927572084124
PA1170,0.846581010300853,0.0105357879399862
PA1959,0.815779413052767,0.0106939383499513
PA1757,0.942518546307762,0.0107910609972411
PA4358,-0.909939299904933,0.0108587672528503
PA2980,0.800187740198225,0.0109464019957027
PA2364,-0.89401703072094,0.0109468429642323
PA2896,0.80182383887341,0.0110396106793966
PA2869,0.971836849959052,0.0111348679203251
PA1316,-0.957300702867049,0.0112402160012592
PA5315,0.844623057874662,0.0112411164049614
PA1371,-0.848828403698186,0.0115022677869001
PA1541,3.43968997677025,0.0115372457279685
PA3016,0.972984588526857,0.0115372457279685
PA0120,-0.804679389125893,0.0116501544816755
PA3709,1.22261523860781,0.01194685361897
PA0507,-0.846449448426309,0.0119540202889568
PA1555.1,-1.3043709263423,0.0124516351698943
PA1169,-1.02424332028139,0.0124892044512088
PA0713,2.55542738703542,0.0125892455171489
PA1725,0.879154929109938,0.0125892455171489
PA2552,-0.82945812360769,0.012671502458559
PA0610,0.84609780715766,0.0127544186499901
PA1826,-0.816244671239482,0.0127910959007459
PA1213,-1.40752889345774,0.0130859042520708
PA0516,-0.903844139155662,0.0131741475263895
PA1028,-0.874986468087684,0.0132583196922507
PA1221,-1.26231032728862,0.0134891830217492
PA0908,1.64238541291132,0.0135132916575466
PA3953,-1.11420971773736,0.0135132916575466
PA4875,-0.842770568575831,0.0136905601086834
PA0921,1.24982682648133,0.0137867626548478
PA3361,-1.07788613427942,0.0137884065441247
PA1167,-0.854466275951866,0.0146087778220577
PA0865,-1.11824867601485,0.0146844632854444
PA3510,-1.63534936095024,0.0146908953539276
PA2563,1.01610632581752,0.0146947855495475
PA0936,0.806324695727667,0.0147664833631908
PA1038,-1.05639883915301,0.0148017967130462
PA0798,-0.889186522545799,0.0149396824918501
PA1027,-0.910881914182924,0.0150836765240872
PA0166,1.51572544850021,0.0153446055094913
PA0991,-1.05268907951044,0.0155523273968828
PA0149,0.863784517310023,0.0155541446110435
PA3439,-0.855584120018041,0.0157044430541126
PA0107,-1.29564681770235,0.0158156657933173
PA1885,-1.11716442111159,0.0161315996691301
PA4563,0.895879812244225,0.0161412397530392
PA3425,-1.57013796501098,0.0164794273083921
PA3613,-0.911349764657796,0.0165678161061544
PA0922,0.828171565253153,0.01712848086465
PA4867,-0.843311938523472,0.0173809527911391
PA0510,-1.20129497339183,0.018199366137566
PA2003,-0.80835302794249,0.018199366137566
PA1897,-0.923775381592798,0.0183200219141883
PA4346,-1.13017820617787,0.0184347393024322
PA1052,0.820775484142887,0.0185066747333113
PA2012,-0.847429241854292,0.0185868361044356
PA1973,-0.927693638416299,0.0187432397179336
PA1717,0.883065186385407,0.0189192644135642
PA1348,-0.857636673815985,0.0189198750135717
PA3893,1.10923607699946,0.0189243297374356
PA5341,0.956297534295046,0.0191255711477091
PA4025,-0.862898811821341,0.019143252484281
PA0511,-1.07118308463137,0.0191759914751942
PA2057,1.05185921242741,0.0192917413237234
PA2046,1.66832047116694,0.0193067685311157
PA1358,-0.812105777347119,0.0193849565771494
PA5446,0.982918993299369,0.0198343112184042
PA4315,-0.948016837341668,0.0203203250234003
PA1882,1.30715268537486,0.0203277895029256
PA4760,0.811696286137328,0.0206354350543451
PA1981,2.02193279668882,0.0207714312915526
PA3209,0.961054671789405,0.0208153992398621
PA1707,0.930676169793523,0.0212743755209224
PA4838,-1.04758938586949,0.0228751152282987
PA1661,-0.877588062274414,0.0231039093618172
PA2456,0.930489308244514,0.0231080824476653
PA1172,-1.33947746787508,0.0234640808264725
PA3387,0.877628863882423,0.023722361795691
PA4352,-0.884888258914082,0.025030945253541
PA4328,-0.855782985962164,0.0252705115578932
PA3053,-0.886881128898683,0.0252883308135414
PA5094,-0.831664259259134,0.0263318915800778
PA0800,0.823457513972296,0.0263580553167037
PA0108,-1.06456817560062,0.0269389791916707
PA1175,-1.03430761250493,0.0271184491499538
PA2862,-0.825575263889528,0.0271184491499538
PA1656,-0.803966104339362,0.0273774280717764
PA4925,-0.906758375321138,0.0276040072003649
PA1603,0.84396664336854,0.0276187659295869
PA2283,1.16274892196805,0.0287356464633353
PA4300,-1.2478345120691,0.028806356277406
PA1705,1.21487248003222,0.0290195479450584
PA4861,1.16187012162783,0.0290195479450584
PA2375,-1.09783549872285,0.0295949521066544
PA1863,0.958852751120887,0.0297858871509492
PA2655,0.861414526977091,0.0300386643482095
PA2031,-0.970646878550479,0.030192532643083
PA3421,-0.816673170922222,0.0302757263431343
PA4062,-0.810762158272975,0.0304079902243614
PA3392,-0.917472894811239,0.0307261440202576
PA2912,1.14784891341286,0.0308888007302434
PA5381,-0.830169497720499,0.0308888007302434
PA2407,0.864490183380262,0.0312646963072891
PA1700,1.04029603885074,0.0313690593480646
PA3136,0.990886207247276,0.0313690593480646
PA1189,0.99211214908825,0.0321822736411354
PA1691,1.46483515123631,0.0321825212970184
PA4824,1.45382708888933,0.0321825212970184
PA4357,-0.99301617498912,0.0322201048085615
PA4311,-0.906093768024498,0.0323698695132139
PA3866,1.06812887401435,0.0328374293256768
PA5475,-1.01514162585862,0.0343235508400135
PA2847,0.979100448972135,0.0343347784087746
PA3909,-0.925342607600843,0.0360630041164649
PA1670,-0.926171203140007,0.0362952743005135
PA0447,-0.878458917184367,0.0365667125937116
PA5395,-1.34942660150059,0.036848095453501
PA4090,-0.93634334935947106,0.0371494304993824
PA0223,-1.1703908322403,0.037774181987354
PA0826,-1.28592847045671,0.0381448258969196
PA3152,1.14363637967982,0.0381575466785468
PA0957,-0.845337839705567,0.0383822400935256
PA0914,0.966689019075114,0.0387779331169648
PA2058,1.28752772165438,0.0388159008785865
PA1976,1.19622794193446,0.0398392276717496
PA2434,-0.875270091172442,0.0408161502452477
PA0049,1.73209839702919,0.0419720701598187
PA0094,0.810134171252941,0.0437351437703566
PA2101,-1.06824517989706,0.0437589348726449
PA1518,-1.02846993686499,0.0440617562761282
PA2360,-0.954572421134211,0.0444047772112848
PA2153,-1.01648521823648,0.0445952598147981
PA2664,-0.970362757480574,0.0462173641522141
PA3289,-0.801783241206415,0.0464610164496344
PA1254,1.33315537108786,0.048241997268664
PA1387,-0.862570456959818,0.0488376115825229
PA2033,-0.849224156171307,0.0494345957718455
PA2166,-1.19197777389955,0.0495713844125594
